[
{
    "model": "auth.user",
    "fields": {
        "password": "pbkdf2_sha256$150000$WEg3IvcKJdKG$cYh0dBQ6hYcoje7LiW73+0rlzIobk+/jbPNYiV6hErM=",
        "last_login": "2019-07-14T08:33:59.920Z",
        "is_superuser": true,
        "username": "bit68",
        "first_name": "",
        "last_name": "",
        "email": "omneya@yahoo.com",
        "is_staff": true,
        "is_active": true,
        "date_joined": "2019-06-28T21:00:46.729Z",
        "groups": [],
        "user_permissions": []
    }
},
{
    "model": "sessions.session",
    "pk": "9rmsy3yxace3x3yqaew2j0zqc6frwatb",
    "fields": {
        "session_data": "MDQ2MmU2M2ZlY2VjMDJhMTY5YWI1MzkxMThjZjk4Nzc1NjQ1NTAzODp7Il9hdXRoX3VzZXJfaWQiOiIxIiwiX2F1dGhfdXNlcl9iYWNrZW5kIjoiZGphbmdvLmNvbnRyaWIuYXV0aC5iYWNrZW5kcy5Nb2RlbEJhY2tlbmQiLCJfYXV0aF91c2VyX2hhc2giOiI5YzIzZDhhMTYzMjYzMGJjMDQyMmU5MjZhOTYwYzk4NmJhNWY1YjczIn0=",
        "expire_date": "2019-07-16T12:02:51.785Z"
    }
},
{
    "model": "sessions.session",
    "pk": "bzofvt5n0sulzs13sznqd3kpnwnzlrfh",
    "fields": {
        "session_data": "MDQ2MmU2M2ZlY2VjMDJhMTY5YWI1MzkxMThjZjk4Nzc1NjQ1NTAzODp7Il9hdXRoX3VzZXJfaWQiOiIxIiwiX2F1dGhfdXNlcl9iYWNrZW5kIjoiZGphbmdvLmNvbnRyaWIuYXV0aC5iYWNrZW5kcy5Nb2RlbEJhY2tlbmQiLCJfYXV0aF91c2VyX2hhc2giOiI5YzIzZDhhMTYzMjYzMGJjMDQyMmU5MjZhOTYwYzk4NmJhNWY1YjczIn0=",
        "expire_date": "2019-07-28T08:33:59.925Z"
    }
},
{
    "model": "sessions.session",
    "pk": "t3kny9wvy7kzveq64j79pf8kr1jl6egl",
    "fields": {
        "session_data": "MDQ2MmU2M2ZlY2VjMDJhMTY5YWI1MzkxMThjZjk4Nzc1NjQ1NTAzODp7Il9hdXRoX3VzZXJfaWQiOiIxIiwiX2F1dGhfdXNlcl9iYWNrZW5kIjoiZGphbmdvLmNvbnRyaWIuYXV0aC5iYWNrZW5kcy5Nb2RlbEJhY2tlbmQiLCJfYXV0aF91c2VyX2hhc2giOiI5YzIzZDhhMTYzMjYzMGJjMDQyMmU5MjZhOTYwYzk4NmJhNWY1YjczIn0=",
        "expire_date": "2019-07-12T23:54:06.426Z"
    }
},
{
    "model": "authtoken.token",
    "pk": "becbd5de75eb0cc1a8979689e7ac9119a68f7355",
    "fields": {
        "user": [
            "bit68"
        ],
        "created": "2019-07-02T12:03:10.552Z"
    }
},
{
    "model": "profiles_api.brand",
    "pk": 1,
    "fields": {
        "brand_name": "updated",
        "is_featured": false
    }
},
{
    "model": "profiles_api.brand",
    "pk": 3,
    "fields": {
        "brand_name": "new",
        "is_featured": false
    }
},
{
    "model": "profiles_api.category",
    "pk": 1,
    "fields": {
        "category_name": "update"
    }
},
{
    "model": "profiles_api.category",
    "pk": 4,
    "fields": {
        "category_name": "new name"
    }
},
{
    "model": "profiles_api.category",
    "pk": 5,
    "fields": {
        "category_name": "new"
    }
},
{
    "model": "profiles_api.category",
    "pk": 6,
    "fields": {
        "category_name": "trial"
    }
},
{
    "model": "profiles_api.family",
    "pk": 3,
    "fields": {
        "family_name": "new",
        "brand": 3,
        "is_featured": true
    }
},
{
    "model": "profiles_api.family",
    "pk": 5,
    "fields": {
        "family_name": "family",
        "brand": 1,
        "is_featured": true
    }
},
{
    "model": "profiles_api.product",
    "pk": 9,
    "fields": {
        "name": "new name",
        "description": "update",
        "price": "60.00",
        "in_stock": false,
        "product_image": "",
        "family": 3,
        "instructions": "instructions",
        "ingredients": "ingredients",
        "latest": false,
        "best_seller": false,
        "category": 4,
        "short_line_1": "one",
        "short_line_2": "two",
        "short_line_3": "three"
    }
},
{
    "model": "profiles_api.product",
    "pk": 10,
    "fields": {
        "name": "clear",
        "description": "for hair",
        "price": "70.00",
        "in_stock": false,
        "product_image": "",
        "family": 3,
        "instructions": "inst",
        "ingredients": "ing",
        "latest": false,
        "best_seller": false,
        "category": 4,
        "short_line_1": "one",
        "short_line_2": "two",
        "short_line_3": "three"
    }
},
{
    "model": "profiles_api.product",
    "pk": 11,
    "fields": {
        "name": "clear",
        "description": "anything",
        "price": "50.00",
        "in_stock": true,
        "product_image": "",
        "family": 3,
        "instructions": "inst",
        "ingredients": "ing",
        "latest": true,
        "best_seller": true,
        "category": 4,
        "short_line_1": "one",
        "short_line_2": "two",
        "short_line_3": "three"
    }
},
{
    "model": "profiles_api.product",
    "pk": 12,
    "fields": {
        "name": "updated",
        "description": "anything",
        "price": "50.00",
        "in_stock": true,
        "product_image": "pictures/2019/07/07/09/19/kriss_homepage_copy.jpg",
        "family": 3,
        "instructions": "inst",
        "ingredients": "ing",
        "latest": true,
        "best_seller": true,
        "category": 1,
        "short_line_1": "one",
        "short_line_2": "two",
        "short_line_3": "three"
    }
},
{
    "model": "profiles_api.product",
    "pk": 13,
    "fields": {
        "name": "updated",
        "description": "desc",
        "price": "300.00",
        "in_stock": true,
        "product_image": "pictures/2019/07/07/09/19/gallery_2_copy.jpg",
        "family": 3,
        "instructions": "inst",
        "ingredients": "ing",
        "latest": true,
        "best_seller": true,
        "category": 1,
        "short_line_1": "one",
        "short_line_2": "two",
        "short_line_3": "three"
    }
},
{
    "model": "profiles_api.product",
    "pk": 14,
    "fields": {
        "name": "new",
        "description": "desc",
        "price": "100.00",
        "in_stock": true,
        "product_image": "pictures/2019/07/07/09/19/contact_us_copy.jpg",
        "family": 5,
        "instructions": "inst",
        "ingredients": "ing",
        "latest": true,
        "best_seller": true,
        "category": 1,
        "short_line_1": "one",
        "short_line_2": "two",
        "short_line_3": "three"
    }
},
{
    "model": "profiles_api.product",
    "pk": 15,
    "fields": {
        "name": "p1",
        "description": "p1",
        "price": "100.00",
        "in_stock": true,
        "product_image": "pictures/2019/07/07/10/19/kriss_homepage_copy.jpg",
        "family": 5,
        "instructions": "inst",
        "ingredients": "ing",
        "latest": true,
        "best_seller": true,
        "category": 4,
        "short_line_1": "one",
        "short_line_2": "two",
        "short_line_3": "three"
    }
},
{
    "model": "profiles_api.product",
    "pk": 16,
    "fields": {
        "name": "p2",
        "description": "desc",
        "price": "500.00",
        "in_stock": true,
        "product_image": "pictures/2019/07/07/10/19/contact_us_copy.jpg",
        "family": 5,
        "instructions": "inst",
        "ingredients": "ing",
        "latest": false,
        "best_seller": true,
        "category": 4,
        "short_line_1": "one",
        "short_line_2": "2",
        "short_line_3": "3"
    }
},
{
    "model": "profiles_api.product",
    "pk": 17,
    "fields": {
        "name": "p3",
        "description": "desc",
        "price": "300.00",
        "in_stock": true,
        "product_image": "pictures/2019/07/07/10/19/kriss_homepage_copy_BO0dbw6.jpg",
        "family": 3,
        "instructions": "inst",
        "ingredients": "ing",
        "latest": true,
        "best_seller": true,
        "category": 4,
        "short_line_1": "one",
        "short_line_2": "two",
        "short_line_3": "three"
    }
},
{
    "model": "profiles_api.product",
    "pk": 18,
    "fields": {
        "name": "p4",
        "description": "p4",
        "price": "600.00",
        "in_stock": true,
        "product_image": "pictures/2019/07/07/10/19/shop_page_copy.jpg",
        "family": 5,
        "instructions": "inst",
        "ingredients": "ing",
        "latest": true,
        "best_seller": true,
        "category": 5,
        "short_line_1": "one",
        "short_line_2": "two",
        "short_line_3": "three"
    }
},
{
    "model": "profiles_api.product",
    "pk": 19,
    "fields": {
        "name": "p5",
        "description": "p5",
        "price": "400.00",
        "in_stock": true,
        "product_image": "",
        "family": 5,
        "instructions": "p5",
        "ingredients": "p5",
        "latest": true,
        "best_seller": false,
        "category": 6,
        "short_line_1": "one",
        "short_line_2": "two",
        "short_line_3": "three"
    }
},
{
    "model": "profiles_api.product",
    "pk": 20,
    "fields": {
        "name": "p6",
        "description": "p6",
        "price": "50.00",
        "in_stock": false,
        "product_image": "",
        "family": 3,
        "instructions": "inst",
        "ingredients": "ing",
        "latest": true,
        "best_seller": false,
        "category": 4,
        "short_line_1": "one",
        "short_line_2": "two",
        "short_line_3": "three"
    }
},
{
    "model": "profiles_api.product",
    "pk": 21,
    "fields": {
        "name": "p7",
        "description": "p7",
        "price": "600.00",
        "in_stock": true,
        "product_image": "",
        "family": 3,
        "instructions": "inst",
        "ingredients": "ing",
        "latest": true,
        "best_seller": false,
        "category": 1,
        "short_line_1": "one",
        "short_line_2": "two",
        "short_line_3": "three"
    }
},
{
    "model": "profiles_api.picture",
    "pk": 2,
    "fields": {
        "title": "new",
        "subtitle": "subtitle updated",
        "picture_upload": "pictures/2019/07/07/08/19/gallery_2_copy.jpg",
        "action_button": "anything"
    }
},
{
    "model": "profiles_api.picture",
    "pk": 4,
    "fields": {
        "title": "new image",
        "subtitle": "makeup",
        "picture_upload": "",
        "action_button": null
    }
},
{
    "model": "profiles_api.aboutus",
    "pk": 2,
    "fields": {
        "about": "update",
        "get_to_know_us": "update2"
    }
},
{
    "model": "profiles_api.aboutus",
    "pk": 3,
    "fields": {
        "about": "about the companyyy",
        "get_to_know_us": "know usssss"
    }
},
{
    "model": "profiles_api.aboutus",
    "pk": 4,
    "fields": {
        "about": "m.fskfd",
        "get_to_know_us": "sjbfjkhelf"
    }
},
{
    "model": "profiles_api.aboutus",
    "pk": 5,
    "fields": {
        "about": "about",
        "get_to_know_us": "get"
    }
},
{
    "model": "profiles_api.cart",
    "pk": 2,
    "fields": {
        "total_price": "1002.00",
        "number_of_products": 6,
        "products": [
            9
        ]
    }
},
{
    "model": "profiles_api.cart",
    "pk": 4,
    "fields": {
        "total_price": "700.00",
        "number_of_products": 2,
        "products": [
            9
        ]
    }
},
{
    "model": "profiles_api.cart",
    "pk": 5,
    "fields": {
        "total_price": "400.00",
        "number_of_products": 1,
        "products": []
    }
},
{
    "model": "profiles_api.cartitem",
    "pk": 7,
    "fields": {
        "cart": 4,
        "product": 9,
        "quantity": 5
    }
},
{
    "model": "profiles_api.cartitem",
    "pk": 8,
    "fields": {
        "cart": 2,
        "product": 9,
        "quantity": 1
    }
},
{
    "model": "profiles_api.cartitem",
    "pk": 9,
    "fields": {
        "cart": 2,
        "product": 9,
        "quantity": 2
    }
},
{
    "model": "profiles_api.cartitem",
    "pk": 10,
    "fields": {
        "cart": 2,
        "product": 9,
        "quantity": 6
    }
},
{
    "model": "profiles_api.cartitem",
    "pk": 11,
    "fields": {
        "cart": 2,
        "product": 9,
        "quantity": 2
    }
},
{
    "model": "profiles_api.cartitem",
    "pk": 12,
    "fields": {
        "cart": 2,
        "product": 9,
        "quantity": 2
    }
},
{
    "model": "profiles_api.contactus",
    "pk": 12,
    "fields": {
        "client_name": "update",
        "client_email": "update",
        "subject": "same",
        "how_can_i_help": "anyhting"
    }
},
{
    "model": "profiles_api.contactus",
    "pk": 14,
    "fields": {
        "client_name": "new",
        "client_email": "ahmed@yahoo.com",
        "subject": "a problem",
        "how_can_i_help": "anything"
    }
},
{
    "model": "profiles_api.contactus",
    "pk": 16,
    "fields": {
        "client_name": "a",
        "client_email": "ahmed@yahoo.com",
        "subject": "anything",
        "how_can_i_help": "a problem"
    }
},
{
    "model": "profiles_api.latestoffer",
    "pk": 1,
    "fields": {
        "offer_link": "any link",
        "offer_width": 0.5,
        "offer_image": "",
        "image_text": null
    }
},
{
    "model": "profiles_api.latestoffer",
    "pk": 2,
    "fields": {
        "offer_link": "new",
        "offer_width": 0.5,
        "offer_image": "",
        "image_text": null
    }
},
{
    "model": "profiles_api.latestoffer",
    "pk": 3,
    "fields": {
        "offer_link": "anything",
        "offer_width": 0.5,
        "offer_image": "",
        "image_text": null
    }
},
{
    "model": "profiles_api.store",
    "pk": 1,
    "fields": {
        "store_area": "new",
        "store_city": null,
        "location_longitude": null,
        "location_latitude": null
    }
},
{
    "model": "profiles_api.store",
    "pk": 4,
    "fields": {
        "store_area": "updated",
        "store_city": "update",
        "location_longitude": null,
        "location_latitude": null
    }
},
{
    "model": "profiles_api.store",
    "pk": 5,
    "fields": {
        "store_area": "zamalek",
        "store_city": "Cairo",
        "location_longitude": null,
        "location_latitude": null
    }
},
{
    "model": "profiles_api.order",
    "pk": 3,
    "fields": {
        "client_number": "783278340",
        "client_address": "tagamo3",
        "client_email": "ahmed@yahoo.com",
        "cart_item": 7,
        "order_date": "2019-07-09T07:24:16Z",
        "status": "New Order",
        "quantity": 1,
        "cart_item_price": 500
    }
},
{
    "model": "profiles_api.order",
    "pk": 4,
    "fields": {
        "client_number": "98979854307",
        "client_address": "garden city",
        "client_email": "anything",
        "cart_item": 8,
        "order_date": "2018-03-29T13:34:00Z",
        "status": "New Order",
        "quantity": 9,
        "cart_item_price": 1000
    }
},
{
    "model": "profiles_api.order",
    "pk": 6,
    "fields": {
        "client_number": "98798389",
        "client_address": "zamalek",
        "client_email": "anything",
        "cart_item": 7,
        "order_date": "2018-03-29T13:34:00Z",
        "status": "New Order",
        "quantity": 4,
        "cart_item_price": 200
    }
},
{
    "model": "admin.logentry",
    "pk": 1,
    "fields": {
        "action_time": "2019-07-01T10:17:02.050Z",
        "user": [
            "bit68"
        ],
        "content_type": [
            "profiles_api",
            "product"
        ],
        "object_id": "1",
        "object_repr": "shampoo",
        "action_flag": 1,
        "change_message": "[{\"added\": {}}]"
    }
},
{
    "model": "admin.logentry",
    "pk": 2,
    "fields": {
        "action_time": "2019-07-01T15:17:54.289Z",
        "user": [
            "bit68"
        ],
        "content_type": [
            "profiles_api",
            "product"
        ],
        "object_id": "1",
        "object_repr": "test",
        "action_flag": 1,
        "change_message": "[{\"added\": {}}]"
    }
},
{
    "model": "admin.logentry",
    "pk": 3,
    "fields": {
        "action_time": "2019-07-01T15:25:24.191Z",
        "user": [
            "bit68"
        ],
        "content_type": [
            "profiles_api",
            "product"
        ],
        "object_id": "2",
        "object_repr": "test2",
        "action_flag": 1,
        "change_message": "[{\"added\": {}}]"
    }
},
{
    "model": "admin.logentry",
    "pk": 4,
    "fields": {
        "action_time": "2019-07-01T15:38:37.460Z",
        "user": [
            "bit68"
        ],
        "content_type": [
            "profiles_api",
            "store"
        ],
        "object_id": "1",
        "object_repr": "Store object (1)",
        "action_flag": 1,
        "change_message": "[{\"added\": {}}]"
    }
},
{
    "model": "admin.logentry",
    "pk": 5,
    "fields": {
        "action_time": "2019-07-01T15:39:20.409Z",
        "user": [
            "bit68"
        ],
        "content_type": [
            "profiles_api",
            "store"
        ],
        "object_id": "2",
        "object_repr": "Store object (2)",
        "action_flag": 1,
        "change_message": "[{\"added\": {}}]"
    }
},
{
    "model": "admin.logentry",
    "pk": 6,
    "fields": {
        "action_time": "2019-07-02T12:03:10.558Z",
        "user": [
            "bit68"
        ],
        "content_type": [
            "authtoken",
            "token"
        ],
        "object_id": "becbd5de75eb0cc1a8979689e7ac9119a68f7355",
        "object_repr": "becbd5de75eb0cc1a8979689e7ac9119a68f7355",
        "action_flag": 1,
        "change_message": "[{\"added\": {}}]"
    }
},
{
    "model": "admin.logentry",
    "pk": 7,
    "fields": {
        "action_time": "2019-07-02T12:03:15.696Z",
        "user": [
            "bit68"
        ],
        "content_type": [
            "authtoken",
            "token"
        ],
        "object_id": "becbd5de75eb0cc1a8979689e7ac9119a68f7355",
        "object_repr": "becbd5de75eb0cc1a8979689e7ac9119a68f7355",
        "action_flag": 2,
        "change_message": "[]"
    }
},
{
    "model": "admin.logentry",
    "pk": 8,
    "fields": {
        "action_time": "2019-07-02T12:09:11.357Z",
        "user": [
            "bit68"
        ],
        "content_type": [
            "profiles_api",
            "contactus"
        ],
        "object_id": "1",
        "object_repr": "ContactUs object (1)",
        "action_flag": 2,
        "change_message": "[{\"changed\": {\"fields\": [\"working_hours\"]}}]"
    }
},
{
    "model": "admin.logentry",
    "pk": 9,
    "fields": {
        "action_time": "2019-07-02T12:09:22.854Z",
        "user": [
            "bit68"
        ],
        "content_type": [
            "profiles_api",
            "contactus"
        ],
        "object_id": "1",
        "object_repr": "ContactUs object (1)",
        "action_flag": 2,
        "change_message": "[{\"changed\": {\"fields\": [\"working_hours\"]}}]"
    }
},
{
    "model": "admin.logentry",
    "pk": 10,
    "fields": {
        "action_time": "2019-07-02T14:29:07.549Z",
        "user": [
            "bit68"
        ],
        "content_type": [
            "profiles_api",
            "brand"
        ],
        "object_id": "1",
        "object_repr": "tresemme",
        "action_flag": 1,
        "change_message": "[{\"added\": {}}]"
    }
},
{
    "model": "admin.logentry",
    "pk": 11,
    "fields": {
        "action_time": "2019-07-02T14:29:11.421Z",
        "user": [
            "bit68"
        ],
        "content_type": [
            "profiles_api",
            "product"
        ],
        "object_id": "3",
        "object_repr": "test4",
        "action_flag": 1,
        "change_message": "[{\"added\": {}}]"
    }
},
{
    "model": "admin.logentry",
    "pk": 12,
    "fields": {
        "action_time": "2019-07-02T14:29:14.604Z",
        "user": [
            "bit68"
        ],
        "content_type": [
            "profiles_api",
            "cart"
        ],
        "object_id": "1",
        "object_repr": "Cart object (1)",
        "action_flag": 1,
        "change_message": "[{\"added\": {}}]"
    }
},
{
    "model": "admin.logentry",
    "pk": 13,
    "fields": {
        "action_time": "2019-07-04T09:22:47.031Z",
        "user": [
            "bit68"
        ],
        "content_type": [
            "profiles_api",
            "brand"
        ],
        "object_id": "2",
        "object_repr": "nivea",
        "action_flag": 1,
        "change_message": "[{\"added\": {}}]"
    }
},
{
    "model": "admin.logentry",
    "pk": 14,
    "fields": {
        "action_time": "2019-07-04T09:22:51.862Z",
        "user": [
            "bit68"
        ],
        "content_type": [
            "profiles_api",
            "family"
        ],
        "object_id": "1",
        "object_repr": "Family object (1)",
        "action_flag": 1,
        "change_message": "[{\"added\": {}}]"
    }
},
{
    "model": "admin.logentry",
    "pk": 15,
    "fields": {
        "action_time": "2019-07-04T09:23:14.993Z",
        "user": [
            "bit68"
        ],
        "content_type": [
            "profiles_api",
            "category"
        ],
        "object_id": "1",
        "object_repr": "for hair",
        "action_flag": 1,
        "change_message": "[{\"added\": {}}]"
    }
},
{
    "model": "admin.logentry",
    "pk": 16,
    "fields": {
        "action_time": "2019-07-04T09:23:29.476Z",
        "user": [
            "bit68"
        ],
        "content_type": [
            "profiles_api",
            "product"
        ],
        "object_id": "4",
        "object_repr": "test5",
        "action_flag": 1,
        "change_message": "[{\"added\": {}}]"
    }
},
{
    "model": "admin.logentry",
    "pk": 17,
    "fields": {
        "action_time": "2019-07-04T09:45:14.317Z",
        "user": [
            "bit68"
        ],
        "content_type": [
            "profiles_api",
            "cart"
        ],
        "object_id": "2",
        "object_repr": "Cart object (2)",
        "action_flag": 1,
        "change_message": "[{\"added\": {}}]"
    }
},
{
    "model": "admin.logentry",
    "pk": 18,
    "fields": {
        "action_time": "2019-07-04T09:53:07.250Z",
        "user": [
            "bit68"
        ],
        "content_type": [
            "profiles_api",
            "product"
        ],
        "object_id": "5",
        "object_repr": "test6",
        "action_flag": 1,
        "change_message": "[{\"added\": {}}]"
    }
},
{
    "model": "admin.logentry",
    "pk": 19,
    "fields": {
        "action_time": "2019-07-04T15:14:05.717Z",
        "user": [
            "bit68"
        ],
        "content_type": [
            "profiles_api",
            "category"
        ],
        "object_id": "2",
        "object_repr": "for the face",
        "action_flag": 1,
        "change_message": "[{\"added\": {}}]"
    }
},
{
    "model": "admin.logentry",
    "pk": 20,
    "fields": {
        "action_time": "2019-07-04T15:14:12.529Z",
        "user": [
            "bit68"
        ],
        "content_type": [
            "profiles_api",
            "category"
        ],
        "object_id": "3",
        "object_repr": "for habir",
        "action_flag": 1,
        "change_message": "[{\"added\": {}}]"
    }
},
{
    "model": "admin.logentry",
    "pk": 21,
    "fields": {
        "action_time": "2019-07-04T15:14:18.758Z",
        "user": [
            "bit68"
        ],
        "content_type": [
            "profiles_api",
            "category"
        ],
        "object_id": "3",
        "object_repr": "for habir",
        "action_flag": 3,
        "change_message": ""
    }
},
{
    "model": "admin.logentry",
    "pk": 22,
    "fields": {
        "action_time": "2019-07-04T15:14:27.762Z",
        "user": [
            "bit68"
        ],
        "content_type": [
            "profiles_api",
            "category"
        ],
        "object_id": "4",
        "object_repr": "for hair",
        "action_flag": 1,
        "change_message": "[{\"added\": {}}]"
    }
},
{
    "model": "admin.logentry",
    "pk": 23,
    "fields": {
        "action_time": "2019-07-04T15:15:43.942Z",
        "user": [
            "bit68"
        ],
        "content_type": [
            "profiles_api",
            "product"
        ],
        "object_id": "1",
        "object_repr": "test",
        "action_flag": 2,
        "change_message": "[{\"changed\": {\"fields\": [\"family\", \"instructions\", \"ingredients\", \"latest\", \"best_seller\", \"category\", \"short_line_1\", \"short_line_2\", \"short_line_3\"]}}]"
    }
},
{
    "model": "admin.logentry",
    "pk": 24,
    "fields": {
        "action_time": "2019-07-04T16:28:11.027Z",
        "user": [
            "bit68"
        ],
        "content_type": [
            "profiles_api",
            "cartitem"
        ],
        "object_id": "5",
        "object_repr": "CartItem object (5)",
        "action_flag": 1,
        "change_message": "[{\"added\": {}}]"
    }
},
{
    "model": "admin.logentry",
    "pk": 25,
    "fields": {
        "action_time": "2019-07-04T16:28:39.330Z",
        "user": [
            "bit68"
        ],
        "content_type": [
            "profiles_api",
            "order"
        ],
        "object_id": "1",
        "object_repr": "Order object (1)",
        "action_flag": 1,
        "change_message": "[{\"added\": {}}]"
    }
},
{
    "model": "admin.logentry",
    "pk": 26,
    "fields": {
        "action_time": "2019-07-04T16:29:32.751Z",
        "user": [
            "bit68"
        ],
        "content_type": [
            "profiles_api",
            "order"
        ],
        "object_id": "2",
        "object_repr": "Order object (2)",
        "action_flag": 1,
        "change_message": "[{\"added\": {}}]"
    }
},
{
    "model": "admin.logentry",
    "pk": 27,
    "fields": {
        "action_time": "2019-07-07T11:30:52.556Z",
        "user": [
            "bit68"
        ],
        "content_type": [
            "profiles_api",
            "family"
        ],
        "object_id": "1",
        "object_repr": "Family object (1)",
        "action_flag": 2,
        "change_message": "[{\"changed\": {\"fields\": [\"brands\"]}}]"
    }
},
{
    "model": "admin.logentry",
    "pk": 28,
    "fields": {
        "action_time": "2019-07-07T12:10:53.393Z",
        "user": [
            "bit68"
        ],
        "content_type": [
            "profiles_api",
            "picture"
        ],
        "object_id": "1",
        "object_repr": "ajhd",
        "action_flag": 1,
        "change_message": "[{\"added\": {}}]"
    }
},
{
    "model": "admin.logentry",
    "pk": 29,
    "fields": {
        "action_time": "2019-07-07T12:39:04.114Z",
        "user": [
            "bit68"
        ],
        "content_type": [
            "profiles_api",
            "category"
        ],
        "object_id": "5",
        "object_repr": "new",
        "action_flag": 1,
        "change_message": "[{\"added\": {}}]"
    }
},
{
    "model": "admin.logentry",
    "pk": 30,
    "fields": {
        "action_time": "2019-07-07T12:40:38.060Z",
        "user": [
            "bit68"
        ],
        "content_type": [
            "profiles_api",
            "product"
        ],
        "object_id": "6",
        "object_repr": "aything",
        "action_flag": 1,
        "change_message": "[{\"added\": {}}]"
    }
},
{
    "model": "admin.logentry",
    "pk": 31,
    "fields": {
        "action_time": "2019-07-07T12:45:04.605Z",
        "user": [
            "bit68"
        ],
        "content_type": [
            "profiles_api",
            "product"
        ],
        "object_id": "6",
        "object_repr": "anything",
        "action_flag": 2,
        "change_message": "[{\"changed\": {\"fields\": [\"name\"]}}]"
    }
},
{
    "model": "admin.logentry",
    "pk": 32,
    "fields": {
        "action_time": "2019-07-08T09:11:02.877Z",
        "user": [
            "bit68"
        ],
        "content_type": [
            "profiles_api",
            "family"
        ],
        "object_id": "2",
        "object_repr": "Family object (2)",
        "action_flag": 1,
        "change_message": "[{\"added\": {}}]"
    }
},
{
    "model": "admin.logentry",
    "pk": 33,
    "fields": {
        "action_time": "2019-07-08T09:49:17.682Z",
        "user": [
            "bit68"
        ],
        "content_type": [
            "profiles_api",
            "family"
        ],
        "object_id": "3",
        "object_repr": "Family object (3)",
        "action_flag": 1,
        "change_message": "[{\"added\": {}}]"
    }
},
{
    "model": "admin.logentry",
    "pk": 34,
    "fields": {
        "action_time": "2019-07-08T11:19:36.462Z",
        "user": [
            "bit68"
        ],
        "content_type": [
            "profiles_api",
            "contactus"
        ],
        "object_id": "1",
        "object_repr": "ContactUs object (1)",
        "action_flag": 3,
        "change_message": ""
    }
},
{
    "model": "admin.logentry",
    "pk": 35,
    "fields": {
        "action_time": "2019-07-08T11:19:57.994Z",
        "user": [
            "bit68"
        ],
        "content_type": [
            "profiles_api",
            "contactus"
        ],
        "object_id": "11",
        "object_repr": "ContactUs object (11)",
        "action_flag": 3,
        "change_message": ""
    }
},
{
    "model": "admin.logentry",
    "pk": 36,
    "fields": {
        "action_time": "2019-07-08T11:19:58.001Z",
        "user": [
            "bit68"
        ],
        "content_type": [
            "profiles_api",
            "contactus"
        ],
        "object_id": "10",
        "object_repr": "ContactUs object (10)",
        "action_flag": 3,
        "change_message": ""
    }
},
{
    "model": "admin.logentry",
    "pk": 37,
    "fields": {
        "action_time": "2019-07-08T11:19:58.008Z",
        "user": [
            "bit68"
        ],
        "content_type": [
            "profiles_api",
            "contactus"
        ],
        "object_id": "9",
        "object_repr": "ContactUs object (9)",
        "action_flag": 3,
        "change_message": ""
    }
},
{
    "model": "admin.logentry",
    "pk": 38,
    "fields": {
        "action_time": "2019-07-08T11:19:58.016Z",
        "user": [
            "bit68"
        ],
        "content_type": [
            "profiles_api",
            "contactus"
        ],
        "object_id": "8",
        "object_repr": "ContactUs object (8)",
        "action_flag": 3,
        "change_message": ""
    }
},
{
    "model": "admin.logentry",
    "pk": 39,
    "fields": {
        "action_time": "2019-07-08T11:19:58.026Z",
        "user": [
            "bit68"
        ],
        "content_type": [
            "profiles_api",
            "contactus"
        ],
        "object_id": "7",
        "object_repr": "ContactUs object (7)",
        "action_flag": 3,
        "change_message": ""
    }
},
{
    "model": "admin.logentry",
    "pk": 40,
    "fields": {
        "action_time": "2019-07-08T11:19:58.040Z",
        "user": [
            "bit68"
        ],
        "content_type": [
            "profiles_api",
            "contactus"
        ],
        "object_id": "6",
        "object_repr": "ContactUs object (6)",
        "action_flag": 3,
        "change_message": ""
    }
},
{
    "model": "admin.logentry",
    "pk": 41,
    "fields": {
        "action_time": "2019-07-08T11:19:58.055Z",
        "user": [
            "bit68"
        ],
        "content_type": [
            "profiles_api",
            "contactus"
        ],
        "object_id": "5",
        "object_repr": "ContactUs object (5)",
        "action_flag": 3,
        "change_message": ""
    }
},
{
    "model": "admin.logentry",
    "pk": 42,
    "fields": {
        "action_time": "2019-07-08T11:19:58.066Z",
        "user": [
            "bit68"
        ],
        "content_type": [
            "profiles_api",
            "contactus"
        ],
        "object_id": "4",
        "object_repr": "ContactUs object (4)",
        "action_flag": 3,
        "change_message": ""
    }
},
{
    "model": "admin.logentry",
    "pk": 43,
    "fields": {
        "action_time": "2019-07-08T11:19:58.075Z",
        "user": [
            "bit68"
        ],
        "content_type": [
            "profiles_api",
            "contactus"
        ],
        "object_id": "3",
        "object_repr": "ContactUs object (3)",
        "action_flag": 3,
        "change_message": ""
    }
},
{
    "model": "admin.logentry",
    "pk": 44,
    "fields": {
        "action_time": "2019-07-08T11:19:58.084Z",
        "user": [
            "bit68"
        ],
        "content_type": [
            "profiles_api",
            "contactus"
        ],
        "object_id": "2",
        "object_repr": "ContactUs object (2)",
        "action_flag": 3,
        "change_message": ""
    }
},
{
    "model": "admin.logentry",
    "pk": 45,
    "fields": {
        "action_time": "2019-07-08T11:20:32.239Z",
        "user": [
            "bit68"
        ],
        "content_type": [
            "profiles_api",
            "contactus"
        ],
        "object_id": "12",
        "object_repr": "ContactUs object (12)",
        "action_flag": 1,
        "change_message": "[{\"added\": {}}]"
    }
},
{
    "model": "admin.logentry",
    "pk": 46,
    "fields": {
        "action_time": "2019-07-08T11:27:27.060Z",
        "user": [
            "bit68"
        ],
        "content_type": [
            "profiles_api",
            "picture"
        ],
        "object_id": "2",
        "object_repr": "picture title",
        "action_flag": 1,
        "change_message": "[{\"added\": {}}]"
    }
},
{
    "model": "admin.logentry",
    "pk": 47,
    "fields": {
        "action_time": "2019-07-08T12:57:37.391Z",
        "user": [
            "bit68"
        ],
        "content_type": [
            "profiles_api",
            "aboutus"
        ],
        "object_id": "1",
        "object_repr": "AboutUs object (1)",
        "action_flag": 1,
        "change_message": "[{\"added\": {}}]"
    }
},
{
    "model": "admin.logentry",
    "pk": 48,
    "fields": {
        "action_time": "2019-07-08T16:19:51.649Z",
        "user": [
            "bit68"
        ],
        "content_type": [
            "profiles_api",
            "product"
        ],
        "object_id": "9",
        "object_repr": "any product",
        "action_flag": 1,
        "change_message": "[{\"added\": {}}]"
    }
},
{
    "model": "admin.logentry",
    "pk": 49,
    "fields": {
        "action_time": "2019-07-08T16:20:02.413Z",
        "user": [
            "bit68"
        ],
        "content_type": [
            "profiles_api",
            "cart"
        ],
        "object_id": "3",
        "object_repr": "Cart object (3)",
        "action_flag": 1,
        "change_message": "[{\"added\": {}}]"
    }
},
{
    "model": "admin.logentry",
    "pk": 50,
    "fields": {
        "action_time": "2019-07-08T16:25:43.275Z",
        "user": [
            "bit68"
        ],
        "content_type": [
            "profiles_api",
            "cart"
        ],
        "object_id": "4",
        "object_repr": "Cart object (4)",
        "action_flag": 1,
        "change_message": "[{\"added\": {}}]"
    }
},
{
    "model": "admin.logentry",
    "pk": 51,
    "fields": {
        "action_time": "2019-07-08T16:38:41.397Z",
        "user": [
            "bit68"
        ],
        "content_type": [
            "profiles_api",
            "cartitem"
        ],
        "object_id": "6",
        "object_repr": "CartItem object (6)",
        "action_flag": 1,
        "change_message": "[{\"added\": {}}]"
    }
},
{
    "model": "admin.logentry",
    "pk": 52,
    "fields": {
        "action_time": "2019-07-08T16:38:49.242Z",
        "user": [
            "bit68"
        ],
        "content_type": [
            "profiles_api",
            "cartitem"
        ],
        "object_id": "7",
        "object_repr": "CartItem object (7)",
        "action_flag": 1,
        "change_message": "[{\"added\": {}}]"
    }
},
{
    "model": "admin.logentry",
    "pk": 53,
    "fields": {
        "action_time": "2019-07-08T23:19:23.880Z",
        "user": [
            "bit68"
        ],
        "content_type": [
            "profiles_api",
            "product"
        ],
        "object_id": "11",
        "object_repr": "clear",
        "action_flag": 1,
        "change_message": "[{\"added\": {}}]"
    }
},
{
    "model": "admin.logentry",
    "pk": 54,
    "fields": {
        "action_time": "2019-07-08T23:20:02.093Z",
        "user": [
            "bit68"
        ],
        "content_type": [
            "profiles_api",
            "product"
        ],
        "object_id": "10",
        "object_repr": "clear",
        "action_flag": 2,
        "change_message": "[{\"changed\": {\"fields\": [\"family\", \"instructions\", \"ingredients\", \"category\", \"short_line_1\", \"short_line_2\", \"short_line_3\"]}}]"
    }
},
{
    "model": "admin.logentry",
    "pk": 55,
    "fields": {
        "action_time": "2019-07-08T23:23:38.597Z",
        "user": [
            "bit68"
        ],
        "content_type": [
            "profiles_api",
            "product"
        ],
        "object_id": "10",
        "object_repr": "clear",
        "action_flag": 2,
        "change_message": "[]"
    }
},
{
    "model": "admin.logentry",
    "pk": 56,
    "fields": {
        "action_time": "2019-07-08T23:23:52.197Z",
        "user": [
            "bit68"
        ],
        "content_type": [
            "profiles_api",
            "product"
        ],
        "object_id": "11",
        "object_repr": "clear",
        "action_flag": 2,
        "change_message": "[]"
    }
},
{
    "model": "admin.logentry",
    "pk": 57,
    "fields": {
        "action_time": "2019-07-08T23:24:46.143Z",
        "user": [
            "bit68"
        ],
        "content_type": [
            "profiles_api",
            "family"
        ],
        "object_id": "3",
        "object_repr": "Family object (3)",
        "action_flag": 2,
        "change_message": "[{\"changed\": {\"fields\": [\"brand\"]}}]"
    }
},
{
    "model": "admin.logentry",
    "pk": 58,
    "fields": {
        "action_time": "2019-07-08T23:28:17.171Z",
        "user": [
            "bit68"
        ],
        "content_type": [
            "profiles_api",
            "product"
        ],
        "object_id": "11",
        "object_repr": "clear",
        "action_flag": 2,
        "change_message": "[]"
    }
},
{
    "model": "admin.logentry",
    "pk": 59,
    "fields": {
        "action_time": "2019-07-08T23:28:44.744Z",
        "user": [
            "bit68"
        ],
        "content_type": [
            "profiles_api",
            "category"
        ],
        "object_id": "4",
        "object_repr": "for hair",
        "action_flag": 2,
        "change_message": "[]"
    }
},
{
    "model": "admin.logentry",
    "pk": 60,
    "fields": {
        "action_time": "2019-07-08T23:32:34.759Z",
        "user": [
            "bit68"
        ],
        "content_type": [
            "profiles_api",
            "family"
        ],
        "object_id": "5",
        "object_repr": "Family object (5)",
        "action_flag": 1,
        "change_message": "[{\"added\": {}}]"
    }
},
{
    "model": "admin.logentry",
    "pk": 61,
    "fields": {
        "action_time": "2019-07-08T23:32:47.584Z",
        "user": [
            "bit68"
        ],
        "content_type": [
            "profiles_api",
            "family"
        ],
        "object_id": "5",
        "object_repr": "Family object (5)",
        "action_flag": 2,
        "change_message": "[]"
    }
},
{
    "model": "admin.logentry",
    "pk": 62,
    "fields": {
        "action_time": "2019-07-09T07:10:01.846Z",
        "user": [
            "bit68"
        ],
        "content_type": [
            "profiles_api",
            "latestoffer"
        ],
        "object_id": "1",
        "object_repr": "LatestOffer object (1)",
        "action_flag": 1,
        "change_message": "[{\"added\": {}}]"
    }
},
{
    "model": "admin.logentry",
    "pk": 63,
    "fields": {
        "action_time": "2019-07-09T07:10:22.475Z",
        "user": [
            "bit68"
        ],
        "content_type": [
            "profiles_api",
            "latestoffer"
        ],
        "object_id": "2",
        "object_repr": "LatestOffer object (2)",
        "action_flag": 1,
        "change_message": "[{\"added\": {}}]"
    }
},
{
    "model": "admin.logentry",
    "pk": 64,
    "fields": {
        "action_time": "2019-07-09T07:14:18.452Z",
        "user": [
            "bit68"
        ],
        "content_type": [
            "profiles_api",
            "latestoffer"
        ],
        "object_id": "2",
        "object_repr": "LatestOffer object (2)",
        "action_flag": 2,
        "change_message": "[{\"changed\": {\"fields\": [\"offer_width\"]}}]"
    }
},
{
    "model": "admin.logentry",
    "pk": 65,
    "fields": {
        "action_time": "2019-07-09T07:16:10.032Z",
        "user": [
            "bit68"
        ],
        "content_type": [
            "profiles_api",
            "latestoffer"
        ],
        "object_id": "4",
        "object_repr": "LatestOffer object (4)",
        "action_flag": 1,
        "change_message": "[{\"added\": {}}]"
    }
},
{
    "model": "admin.logentry",
    "pk": 66,
    "fields": {
        "action_time": "2019-07-09T07:22:55.319Z",
        "user": [
            "bit68"
        ],
        "content_type": [
            "profiles_api",
            "store"
        ],
        "object_id": "6",
        "object_repr": "Store object (6)",
        "action_flag": 1,
        "change_message": "[{\"added\": {}}]"
    }
},
{
    "model": "admin.logentry",
    "pk": 67,
    "fields": {
        "action_time": "2019-07-09T07:24:23.043Z",
        "user": [
            "bit68"
        ],
        "content_type": [
            "profiles_api",
            "order"
        ],
        "object_id": "3",
        "object_repr": "Order object (3)",
        "action_flag": 1,
        "change_message": "[{\"added\": {}}]"
    }
},
{
    "model": "admin.logentry",
    "pk": 68,
    "fields": {
        "action_time": "2019-07-09T07:24:50.429Z",
        "user": [
            "bit68"
        ],
        "content_type": [
            "profiles_api",
            "order"
        ],
        "object_id": "4",
        "object_repr": "Order object (4)",
        "action_flag": 1,
        "change_message": "[{\"added\": {}}]"
    }
},
{
    "model": "admin.logentry",
    "pk": 69,
    "fields": {
        "action_time": "2019-07-09T07:25:14.669Z",
        "user": [
            "bit68"
        ],
        "content_type": [
            "profiles_api",
            "order"
        ],
        "object_id": "5",
        "object_repr": "Order object (5)",
        "action_flag": 1,
        "change_message": "[{\"added\": {}}]"
    }
},
{
    "model": "admin.logentry",
    "pk": 70,
    "fields": {
        "action_time": "2019-07-09T08:23:46.830Z",
        "user": [
            "bit68"
        ],
        "content_type": [
            "profiles_api",
            "product"
        ],
        "object_id": "12",
        "object_repr": "updated",
        "action_flag": 1,
        "change_message": "[{\"added\": {}}]"
    }
},
{
    "model": "admin.logentry",
    "pk": 71,
    "fields": {
        "action_time": "2019-07-09T08:24:25.488Z",
        "user": [
            "bit68"
        ],
        "content_type": [
            "profiles_api",
            "product"
        ],
        "object_id": "13",
        "object_repr": "updated",
        "action_flag": 1,
        "change_message": "[{\"added\": {}}]"
    }
},
{
    "model": "admin.logentry",
    "pk": 72,
    "fields": {
        "action_time": "2019-07-09T08:58:11.093Z",
        "user": [
            "bit68"
        ],
        "content_type": [
            "profiles_api",
            "product"
        ],
        "object_id": "14",
        "object_repr": "new",
        "action_flag": 1,
        "change_message": "[{\"added\": {}}]"
    }
},
{
    "model": "admin.logentry",
    "pk": 73,
    "fields": {
        "action_time": "2019-07-10T11:56:47.156Z",
        "user": [
            "bit68"
        ],
        "content_type": [
            "profiles_api",
            "product"
        ],
        "object_id": "15",
        "object_repr": "p1",
        "action_flag": 1,
        "change_message": "[{\"added\": {}}]"
    }
},
{
    "model": "admin.logentry",
    "pk": 74,
    "fields": {
        "action_time": "2019-07-10T11:57:32.509Z",
        "user": [
            "bit68"
        ],
        "content_type": [
            "profiles_api",
            "product"
        ],
        "object_id": "16",
        "object_repr": "p2",
        "action_flag": 1,
        "change_message": "[{\"added\": {}}]"
    }
},
{
    "model": "admin.logentry",
    "pk": 75,
    "fields": {
        "action_time": "2019-07-10T14:24:55.620Z",
        "user": [
            "bit68"
        ],
        "content_type": [
            "profiles_api",
            "product"
        ],
        "object_id": "17",
        "object_repr": "p3",
        "action_flag": 1,
        "change_message": "[{\"added\": {}}]"
    }
},
{
    "model": "admin.logentry",
    "pk": 76,
    "fields": {
        "action_time": "2019-07-10T14:25:37.528Z",
        "user": [
            "bit68"
        ],
        "content_type": [
            "profiles_api",
            "product"
        ],
        "object_id": "18",
        "object_repr": "p4",
        "action_flag": 1,
        "change_message": "[{\"added\": {}}]"
    }
},
{
    "model": "admin.logentry",
    "pk": 77,
    "fields": {
        "action_time": "2019-07-10T14:26:11.235Z",
        "user": [
            "bit68"
        ],
        "content_type": [
            "profiles_api",
            "product"
        ],
        "object_id": "19",
        "object_repr": "p5",
        "action_flag": 1,
        "change_message": "[{\"added\": {}}]"
    }
},
{
    "model": "admin.logentry",
    "pk": 78,
    "fields": {
        "action_time": "2019-07-10T14:26:40.038Z",
        "user": [
            "bit68"
        ],
        "content_type": [
            "profiles_api",
            "product"
        ],
        "object_id": "20",
        "object_repr": "p6",
        "action_flag": 1,
        "change_message": "[{\"added\": {}}]"
    }
},
{
    "model": "admin.logentry",
    "pk": 79,
    "fields": {
        "action_time": "2019-07-10T14:28:01.519Z",
        "user": [
            "bit68"
        ],
        "content_type": [
            "profiles_api",
            "product"
        ],
        "object_id": "21",
        "object_repr": "p7",
        "action_flag": 1,
        "change_message": "[{\"added\": {}}]"
    }
}
]
